Serial Number,Frame,Response
1,frame_000001.jpg,"This image is not helpful in assessing the premise's safety and security. It only shows a close-up of a table and various objects on it. No entry/exit points, doors, CCTV cameras, or safety equipment are visible."
2,frame_000002.jpg,"The image shows a cluttered room. There are no doors, CCTV cameras, or safety equipment visible. No entry or exit points can be determined from the provided image."
3,frame_000003.jpg,"The image shows a wooden table with some objects on it. There are no doors, CCTV cameras or entry/exit points in this image. This image is not relevant for the premise analysis and security assessment."
4,frame_000004.jpg,"The image depicts a room with wooden floor and a wooden table. There are no doors, CCTV cameras, safety equipment or any entry/exit signs visible in the image. The image doesn't contain any information relevant to premise analysis, safety and security."
5,frame_000005.jpg,"The image shows a blurred view of a room with a wooden table, a yellow chair, and a partial view of a wall. No doors, CCTV cameras, or any other relevant security features are visible. The image does not provide enough information to assess entry and exit points, vulnerabilities, or risks.  Additional information is required to conduct a proper premise analysis."
6,frame_000006.jpg,"The image is too blurry to make any analysis. No doors, CCTV, entry or exit points, safety equipment or signs are visible."
7,frame_000007.jpg,"The image is too blurry to provide any meaningful premise analysis, safety, or security information."
8,frame_000008.jpg,The image is too blurry to provide any useful information.
9,frame_000009.jpg,The image is too blurry and doesn't show any relevant information about security and safety.  It's not possible to make an assessment based on this image.
10,frame_000010.jpg,The image is too blurry and does not provide any useful information for a premise analysis.
11,frame_000011.jpg,The image is too blurry and unclear to provide any meaningful analysis.
12,frame_000012.jpg,The image is too blurry to analyze.
13,frame_000013.jpg,The image is too blurry to make out any relevant details.
14,frame_000014.jpg,The image is too blurry to perform a proper analysis.
15,frame_000015.jpg,"The image is blurry and does not provide any information related to premise analysis, safety and security."
16,frame_000016.jpg,"Error: 429, {
  ""error"": {
    ""code"": 429,
    ""message"": ""Resource has been exhausted (e.g. check quota)."",
    ""status"": ""RESOURCE_EXHAUSTED""
  }
}
"
17,frame_000017.jpg,"Error: 429, {
  ""error"": {
    ""code"": 429,
    ""message"": ""Resource has been exhausted (e.g. check quota)."",
    ""status"": ""RESOURCE_EXHAUSTED""
  }
}
"
18,frame_000018.jpg,"Error: 429, {
  ""error"": {
    ""code"": 429,
    ""message"": ""Resource has been exhausted (e.g. check quota)."",
    ""status"": ""RESOURCE_EXHAUSTED""
  }
}
"
19,frame_000019.jpg,"Error: 429, {
  ""error"": {
    ""code"": 429,
    ""message"": ""Resource has been exhausted (e.g. check quota)."",
    ""status"": ""RESOURCE_EXHAUSTED""
  }
}
"
20,frame_000020.jpg,"Error: 429, {
  ""error"": {
    ""code"": 429,
    ""message"": ""Resource has been exhausted (e.g. check quota)."",
    ""status"": ""RESOURCE_EXHAUSTED""
  }
}
"
21,frame_000021.jpg,"This frame does not contain any information related to premise analysis, safety and security.  The image only shows a person's hand and a laptop.  There are no doors, CCTV cameras, or other security-related items visible.  No further analysis is possible."
22,frame_000022.jpg,"Error: 429, {
  ""error"": {
    ""code"": 429,
    ""message"": ""Resource has been exhausted (e.g. check quota)."",
    ""status"": ""RESOURCE_EXHAUSTED""
  }
}
"
23,frame_000023.jpg,"This image does not provide any information related to a premise's security or safety. It shows a close-up of a person using a laptop, with no relevant background information."
24,frame_000024.jpg,"The image shows a person using a laptop. It is not possible to conduct a premise analysis from this image. The image doesn't offer any useful information about entry and exit points, safety, or security equipment."
25,frame_000025.jpg,"The image is not useful for premise analysis, safety and security. It only shows a person working on a laptop."
26,frame_000026.jpg,"The image is a close-up shot of a laptop and an arm, making it difficult to assess the premise. It is not possible to identify any doors, CCTV cameras, entry or exit points, or any safety or security equipment. Further images from wider angles are needed to analyze the premises."
27,frame_000027.jpg,"This image shows a close-up view of an individual's arm and a laptop, making it difficult to analyze the premise. No doors, CCTV cameras, or entry/exit points are visible. The lack of context makes it impossible to provide an assessment, identify vulnerabilities, or suggest potential security enhancements."
28,frame_000028.jpg,"The image is too close up and does not show the surrounding area of the location. The image shows a desktop and a laptop, it is impossible to tell what kind of location this is. The image is not sufficient to make any security assessments. There are no entry or exit points visible. There are no safety equipment or signs visible in the image."
29,frame_000029.jpg,"The image shows an office setting with two individuals in the background. No entry/exit points are visible, and there is no evidence of any security measures or safety equipment. The scene offers limited information for a premise analysis."
30,frame_000030.jpg,"This image is insufficient for a premise analysis. It is too zoomed in and does not show any entry/exit points or potential vulnerabilities. There are no visible doors, CCTV cameras, or security equipment."
31,frame_000031.jpg,The image shows an interior office setting. There are no doors or CCTV cameras visible. The image is too close up to provide any relevant information.  It is impossible to identify entry or exit points or surrounding areas. The image does not provide any information on potential vulnerabilities or safety equipment. This image is not relevant for security or safety assessment.
32,frame_000032.jpg,"The image is too close up and does not show any relevant information for premise analysis, safety, or security.  No entry or exit points are visible, and no doors, CCTV cameras, or other relevant security equipment is present."
33,frame_000033.jpg,"The image is too close up to provide a useful premise analysis. The image is primarily focused on an individual's arm and hand. It is not possible to identify any doors, CCTV cameras, or other relevant security features.  The image doesn't provide any information for a premise analysis."
34,frame_000034.jpg,The image does not contain any security or safety information for premise analysis. It is a close-up of a person using a laptop.
35,frame_000035.jpg,"This image does not contain any information relevant to the security assessment of the premise. The image only shows a person working on a laptop. There are no doors, CCTV cameras, or other security features visible in the image."
36,frame_000036.jpg,"The image is a close-up of a person's face and does not contain any information relevant to premise analysis, safety or security."
37,frame_000037.jpg,"The image only shows a close-up view of a person sitting at a desk. No entry or exit points are visible, and no security features can be identified."
38,frame_000038.jpg,"The image shows a close-up of an individual's face and shoulder. No relevant information regarding premise analysis, safety and security could be obtained from this image."
39,frame_000039.jpg,"Error: 429, {
  ""error"": {
    ""code"": 429,
    ""message"": ""Resource has been exhausted (e.g. check quota)."",
    ""status"": ""RESOURCE_EXHAUSTED""
  }
}
"
40,frame_000040.jpg,"The image shows a close-up of a person's face and shoulder. It is impossible to determine the number of doors, CCTV cameras, entry and exit points, or make any other assessments about the premise's safety and security from this image."
41,frame_000041.jpg,"The image is a close-up of a person's face and does not provide any relevant information for premise analysis, safety or security."
42,frame_000042.jpg,"The image shows a person sitting at a desk. There is no information about doors, CCTV or safety equipment. The image is not useful for the analysis."
43,frame_000043.jpg,"This frame does not provide any relevant information regarding security or safety. It is a close-up shot of a person's face and does not contain any details about the premise, entry/exit points, or security measures."
44,frame_000044.jpg,"The image is of a person's face and torso, therefore no premise analysis is possible."
45,frame_000045.jpg,"The image does not contain any relevant information for premise analysis, safety, and security. It only shows a person sitting and looking down."
46,frame_000046.jpg,"This image contains a single individual in frame. The image is not relevant for premise analysis, safety and security. There are no entry or exit points, CCTV cameras, doors, or any other safety equipment or signs. Therefore, there are no vulnerabilities, risk assessments, or additional considerations that can be discussed."
47,frame_000047.jpg,"This image does not show any relevant information for a premise analysis. It only shows a person sitting at a desk and looking down. There are no visible doors, CCTV cameras, entry or exit points, or any other relevant security features."
48,frame_000048.jpg,"This image does not contain any relevant information for premise analysis, safety and security.  There are no doors, CCTV cameras, or any entry/exit points visible."
49,frame_000049.jpg,"This frame does not contain any useful information for premise analysis, safety and security."
50,frame_000050.jpg,"The image is a close-up of a person's face and upper body, making it impossible to assess the premise's safety and security. There are no visible doors, CCTV cameras, entry points, exit points, safety equipment, or signage. It's not possible to perform a risk assessment or discuss vulnerabilities and enhancements."
51,frame_000051.jpg,"The image does not contain any relevant information for a premise analysis, safety and security report."
52,frame_000052.jpg,"The image is of a person sitting at a desk. There are no doors, CCTV cameras, entry or exit points visible.  The image doesn't provide any useful information for premise analysis, safety, and security."
53,frame_000053.jpg,"This frame does not contain any information related to premise analysis, safety and security."
54,frame_000054.jpg,"The image contains a close-up shot of a person's face. No entry or exit points, doors, or security equipment can be identified. The image is not relevant to the premise analysis."
55,frame_000055.jpg,"The image doesn't contain any relevant information for premise analysis, safety and security."
56,frame_000056.jpg,The image shows a person sitting at a desk. The image is too close up to be useful for premise analysis. There are no entry or exit points in view. No doors or CCTV cameras were identified. There is no information regarding safety equipment or signs.
57,frame_000057.jpg,"Error: 429, {
  ""error"": {
    ""code"": 429,
    ""message"": ""Resource has been exhausted (e.g. check quota)."",
    ""status"": ""RESOURCE_EXHAUSTED""
  }
}
"
58,frame_000058.jpg,"The image is of a person's face and arm, there's no information on security, safety or entry/exit points."
59,frame_000059.jpg,"Error: 429, {
  ""error"": {
    ""code"": 429,
    ""message"": ""Resource has been exhausted (e.g. check quota)."",
    ""status"": ""RESOURCE_EXHAUSTED""
  }
}
"
60,frame_000060.jpg,"This image does not contain any information about a premise, safety, or security. It is just a close-up of a person's face."
61,frame_000061.jpg,"The image shows a close-up of a person's face and arm. There are no visible security features, entry or exit points or safety equipment. The image provides no information regarding safety, security or premise analysis."
62,frame_000062.jpg,The image shows a close-up view of a person's face and arm. The frame is not suitable for a security assessment.
63,frame_000063.jpg,"The image only shows a close-up of two people, a man with a blue shirt and a man with a white shirt. No security or safety features are visible. This frame is not relevant for premise analysis, safety and security."
64,frame_000064.jpg,"The image shows an indoor space. The scene is too close and blurry to identify any entry or exit points, doors, or security equipment. It is not possible to provide a premise analysis based on this image."
65,frame_000065.jpg,"The image shows an indoor environment with two individuals seated at a desk. No doors or CCTV cameras are visible. There is no information available regarding entry or exit points, their surroundings, or potential vulnerabilities.  Further information is required for a proper security analysis."
66,frame_000066.jpg,The image shows an interior scene with a person sitting at a desk. There are no doors or CCTV cameras visible.  It is impossible to determine entry and exit points or perform a security assessment without a clearer view of the surrounding area.
67,frame_000067.jpg,"The image shows an interior scene with a person sitting in front of a computer. It is not possible to determine the number of doors, CCTV cameras, or any entry and exit points. The image is not suitable for a premise analysis, safety and security assessment."
68,frame_000068.jpg,"The image shows a person sitting in front of a laptop. It appears to be an indoor environment. There are no identifiable doors, CCTV cameras, or other security elements in the image. The image does not provide any information regarding entry or exit points, their surroundings, or any potential vulnerabilities. Therefore, it is not possible to conduct a security assessment or recommend security enhancements."
69,frame_000069.jpg,The image is too blurry to assess for safety and security. No doors or CCTV cameras are visible.  There are no entry and exit points visible in the image.  The image is unsuitable for premise analysis.
70,frame_000070.jpg,"The image shows an interior shot, focusing on a person using a laptop. There are no visible doors, entry/exit points or CCTV cameras.  This frame does not provide any information for a premise analysis."
71,frame_000071.jpg,"The image shows a person sitting in front of a laptop, with a bookshelf in the background.  No doors or CCTV cameras are visible. The image doesn't provide sufficient information for a security analysis."
72,frame_000072.jpg,"The image shows a laptop on a desk. It is difficult to assess safety and security from this image as it is not possible to determine the environment or any security measures in place.  No entry/exit points, doors, CCTV, safety equipment, or signs are visible in the image."
73,frame_000073.jpg,"The image appears to be an indoor shot of what looks like a business setting. There is a door in the right side of the image, partially obscured by a wooden cabinet. No CCTV cameras are visible. The surroundings of the entry point are obstructed. There are no safety equipment or entry/exit signs located. 

- **Initial Assessments:** The scene is very limited and does not provide much information. There is a lack of visible security measures and the entry/exit point surroundings are unclear. 

- **Potential Actions:** A full assessment of the premise is recommended to determine the security posture. This would include an analysis of entry points, existing security measures, and potential vulnerabilities. 

- **Vulnerabilities:** The visible entry point is partially obstructed, which could be a vulnerability if the door lacks adequate security features like locks and alarms. 

- **Risk Assessments:** Without further information, it is difficult to assess the risk level. However, the lack of visible security measures suggests the potential for vulnerabilities. 

- **Additional Considerations:** It is important to note that the image only provides a partial view of the premises, and a more comprehensive assessment is needed to understand the security risks. 

- **Security Enhancements:** Depending on the risk assessment, potential security enhancements could include the installation of additional security measures such as CCTV cameras, door alarms, and access control systems."
74,frame_000074.jpg,The image shows an interior room with a laptop on a desk. There are no doors or CCTV cameras visible. The image does not provide any information on security or safety aspects of the room.
75,frame_000075.jpg,"This frame shows an interior room with a tall wooden cabinet. There is no visible entry or exit point in the image, nor are there any security systems present. There are no safety equipment or entry/exit signs located anywhere."
76,frame_000076.jpg,The image shows an indoor space with pink and white walls. There is one door that appears to be a wooden door with a shelf above it. There is a cabinet next to the door. No CCTV cameras are visible.  The door may be an entry/exit point. The surroundings of the door are not visible. It is recommended to install a CCTV camera in this location. The lack of security measures makes this area vulnerable to theft and vandalism.  Installing motion sensors and alarm systems can enhance security.
77,frame_000077.jpg,"The image shows a room with a closed wooden door and a sink in the background. There is a sign on the left side of the image. It appears to be a private room or office space. No CCTV cameras are visible in the image. The only entry/exit point is the wooden door. The door's location and condition should be assessed, and its security features should be investigated. The surrounding area of the entry/exit points should be inspected to identify any potential vulnerabilities. A risk assessment should be conducted to determine the likelihood and impact of potential threats. Additional security enhancements such as locks, security cameras, and lighting can be considered to improve the security of the space."
78,frame_000078.jpg,"Error: 429, {
  ""error"": {
    ""code"": 429,
    ""message"": ""Resource has been exhausted (e.g. check quota)."",
    ""status"": ""RESOURCE_EXHAUSTED""
  }
}
"
79,frame_000079.jpg,"The image shows an interior space with a wooden door in the frame. No CCTV cameras are visible. The door is located on the left side of the image, and its surroundings are not clear. The image only provides a glimpse into the interior space, making it difficult to identify any entry or exit points. 

There are no visible safety equipment or entry/exit signs. 

**Initial assessment:**
The lack of CCTV cameras and unclear surroundings of the door are vulnerabilities. The area requires further assessment to identify potential security risks.

**Potential actions:**
- Install CCTV cameras to monitor the entry and exit points.
- Improve lighting in the area.
- Conduct a thorough security audit to identify all vulnerabilities. 

**Additional considerations:**
- Implement access control measures, such as keycard access or security guards.
- Train employees on security procedures.
- Install alarms and other security systems."
80,frame_000080.jpg,"The image is of a partially obscured interior space. It contains a wooden cabinet with shelves, some obscured furniture and a backpack. There are no visible entry or exit points, doors, or CCTV cameras. The image doesn't provide enough information to conduct a meaningful security assessment or identify vulnerabilities."
81,frame_000081.jpg,"The image shows an interior space with a large wooden cabinet in the foreground. The cabinet has a wooden top with several shelves. There are no doors or CCTV cameras visible. The image doesn't provide sufficient information for a premise analysis, safety, and security assessment."
82,frame_000082.jpg,"The image is of an indoor space, potentially a waiting area. The scene is cluttered with furniture and personal items, making it difficult to assess security. No CCTV cameras or safety equipment are visible. A possible entry/exit point is visible to the left, leading to another room.  This entryway lacks any visible security measures and could be easily accessed by unauthorized individuals. The space lacks sufficient lighting, which further diminishes visibility and could potentially create an unsafe environment. It's recommended to implement proper lighting, install security cameras, and consider a more organized space to enhance security and safety.  Additional considerations include implementing a controlled access system for entry/exit points and providing clear and visible signage for safety protocols and emergency procedures."
83,frame_000083.jpg,"The frame shows a room with a wooden door on the left side. There is no visible CCTV camera in the frame. The wooden door is the only entry/exit point visible in the frame. The immediate surroundings of the door are obscured, and the rest of the room contains furniture and personal belongings. The lack of visible security measures is a potential vulnerability. A CCTV camera could be installed near the entry point to monitor the area and deter crime. The door itself should be secured with a sturdy lock and deadbolt. Additional considerations include improving lighting in the area to increase visibility."
84,frame_000084.jpg,"The image shows a room with one door leading out. There are no visible security cameras. The door is located to the left of the frame and leads into another room, the door is partially obstructed and it is difficult to make an assessment of its security. The room is cluttered with furniture and there are no visible safety signs.  A risk assessment needs to be conducted to determine the vulnerabilities and potential threats. This would include a thorough assessment of the security of the door, the effectiveness of any existing security measures, and the potential for unauthorized access.  Additional considerations for security enhancements could include installing a security camera, improving lighting, and strengthening the door."
85,frame_000085.jpg,"The image is of an indoor space with a wall and some furniture. It is difficult to assess the security situation due to the image being blurry and not showing the whole room. There are no visible doors, CCTV cameras, or security equipment in the image.  The image shows furniture which could obstruct views and create blind spots. Consider installing CCTV cameras and increasing lighting in this area."
86,frame_000086.jpg,"The image shows a room with a pink and white wall, a desk with a purse, and a backpack on the floor. There are no doors, windows, or CCTV cameras visible. The image is not sufficient to assess the entry and exit points, security measures, or vulnerabilities."
87,frame_000087.jpg,The image shows an indoor area with furniture.  There are no visible entry/exit points or security equipment. No CCTV cameras identified.  The image doesn't provide enough information to conduct an effective security assessment.
88,frame_000088.jpg,"The image shows a room with a pink and white wall. There are no doors or security equipment visible in the image. There are items such as bags and a desk which could be used to obstruct views and create blind spots.  The image is not helpful for a premise analysis, safety and security report."
89,frame_000089.jpg,The image shows the interior of a room. There are no visible doors or CCTV cameras in this frame. There is furniture in the room including chairs and a desk. A handbag is also visible on the table. The room appears to be an office or work space. It is difficult to make any assessments regarding safety and security based on this frame.
90,frame_000090.jpg,"This image shows a room with no visible entry or exit points. No doors, CCTV cameras or safety equipment have been identified. The scene appears to be a room with furniture and personal belongings, raising concerns about potential unauthorized access and the lack of security measures. It is recommended to conduct a thorough site survey to identify all entry and exit points, implement appropriate security measures such as access control, CCTV surveillance, and alarm systems."
91,frame_000091.jpg,"The image shows an interior space with a desk and some personal belongings. There are no doors or CCTV cameras visible. It is not possible to analyze entry and exit points or their surroundings. This image does not offer any insights for premise analysis, safety, or security."
92,frame_000092.jpg,This image appears to be taken from an indoor location possibly an office or a classroom. There are no visible doors or CCTV cameras.  It is not possible to identify any entry or exit points based on this image.  The scene is lacking any visible security features or safety equipment. No initial assessment or potential actions can be taken due to the lack of information. The image doesn't show any vulnerabilities or risk assessments.  There are no security enhancements that can be identified.  Additional considerations and safety equipment cannot be determined based on this image.
93,frame_000093.jpg,"The image shows a room with a desk and two chairs, and a handbag on the desk. No doors or CCTV cameras are visible. There are no entry/exit points visible.  It's difficult to assess safety and security measures from this limited view.  Additional frames are required to identify potential vulnerabilities and security enhancements."
94,frame_000094.jpg,"The image shows a wall with two horizontal pink lines and a brown handbag placed on a table. No doors, CCTV cameras, or safety equipment are visible in this frame. There is no information about the entry and exit points. Therefore, there are no vulnerabilities to identify and no potential actions or security enhancements can be suggested."
95,frame_000095.jpg,"The image shows a wall with two red horizontal bands. There is a purse and papers on a table near the wall. A backpack is visible in the image.  No doors, CCTV cameras, entry/exit points, safety equipment or entry/exit signs are present."
96,frame_000096.jpg,"Error: 429, {
  ""error"": {
    ""code"": 429,
    ""message"": ""Resource has been exhausted (e.g. check quota)."",
    ""status"": ""RESOURCE_EXHAUSTED""
  }
}
"
97,frame_000097.jpg,"Error: 429, {
  ""error"": {
    ""code"": 429,
    ""message"": ""Resource has been exhausted (e.g. check quota)."",
    ""status"": ""RESOURCE_EXHAUSTED""
  }
}
"
98,frame_000098.jpg,"The image shows a room with a desk and a bag on it. There is also a chair and a backpack on the floor. The room has a white ceiling and white walls with a pink stripe running across them. There are no doors or CCTV cameras visible in this frame. It is not possible to analyze the entry and exit points, their surroundings, and potential actions that can be taken to enhance safety and security, as the image doesn't show any relevant features."
99,frame_000099.jpg,"The image is of an indoor space, possibly an office or a waiting area. The walls are white with red stripes and there is a single CCTV camera in the top right corner. There is a desk with a brown leather purse on top of it. There is a brown chair to the left of the desk. The image does not show any entry or exit points and there are no obvious security vulnerabilities.  It is recommended to assess other areas of the premise for vulnerabilities."
100,frame_000100.jpg,"The image shows an office space with a CCTV camera in the ceiling. One door is visible in the background, with a maroon colored wall behind it. The area around the door is cluttered. This poses a vulnerability as an intruder could potentially hide and gain entry.  There is a large, beige, handbag on a desk in the foreground, blocking a potential view of the door.  To improve security, the clutter should be cleared and a security camera should be installed to monitor the area."
101,frame_000101.jpg,"The image shows an interior space with a red and white wall. There is a single CCTV camera visible in the ceiling.  There is no indication of entry or exit points, therefore no risk assessment can be done."
102,frame_000102.jpg,"The frame shows an indoor area with a single CCTV camera on the ceiling. The area is sparsely furnished with a desk and a brown bag on top of it. There is a burgundy colored wall and a white wall with a burgundy stripe. There is one door visible near the lower left corner of the image, and its surroundings are not visible. There are no entry/exit signs visible in the frame. 

**Initial Assessments:** 
The current security measures seem minimal with only one CCTV camera visible. There is only one visible door, and the surrounding area of the door is not visible. 

**Potential Actions:**
* Conduct a comprehensive security audit to identify all entry and exit points.
* Install additional CCTV cameras to cover blind spots and entry/exit points.
* Enhance lighting around the door area.
* Implement access control measures, such as security doors or keycard entry.
* Consider installing an alarm system.

**Vulnerabilities:**
* Limited CCTV coverage. 
* Potential lack of secure entry and exit points.

**Risk Assessments:**
* The limited CCTV coverage could allow unauthorized entry or theft.
* The lack of secure entry and exit points could pose a security risk.

**Additional Considerations and Security Enhancements:**
* Implement a security awareness program for employees.
* Conduct regular security drills.
* Install security lighting. 
* Install motion detectors."
103,frame_000103.jpg,"The image shows a room with white walls and a maroon stripe running across the middle. A CCTV camera is visible mounted on the ceiling. There are no doors visible in the image. 
This room appears to be an office or work space. A handbag is on a desk covered in papers. The lack of doors makes it difficult to assess entry and exit points. 
The single CCTV camera, while a positive security measure, may not be sufficient for a comprehensive surveillance system. The absence of other security measures like alarms, access control systems, or security personnel raises concerns. 
Additional security enhancements should be considered, including installing door locks, motion detectors, or an alarm system.  The presence of valuables, such as a handbag and papers, on an open desk, poses a potential security risk. Implementing a secure storage solution or securing these items is recommended. The surrounding area should be well-lit and have clear sightlines to deter potential intruders."
104,frame_000104.jpg,"The image shows a room with a white ceiling and white walls with a maroon stripe. There is a single CCTV camera mounted on the ceiling. There is a brown handbag on a desk. The room appears to be an office or a waiting area. The entry and exit points are not visible. The room is vulnerable to theft, as there are no visible security measures besides the CCTV camera. Potential actions include installing an alarm system, installing more CCTV cameras, and improving lighting. Additionally, consider implementing access control measures to restrict entry to authorized personnel. Safety equipment and entry/exit signs are not visible."
105,frame_000105.jpg,"The image shows a single CCTV camera mounted on the ceiling. There are no doors visible in the frame. The image shows a desk and some personal belongings which indicates it might be a personal office or workspace. An entry point could be a door that is located outside of the frame. The surroundings seem to be a clean and well-maintained space. The image suggests a good level of safety and security with a visible CCTV camera. The desk might be a potential vulnerability point as it could be accessed and items could be stolen. Consider installing a safe or a locking drawer for storing valuables. Additionally, consider adding motion sensors and alarm systems. Ensure the CCTV camera is operational and recording."
106,frame_000106.jpg,The image shows a single CCTV camera mounted on the ceiling. There are no visible doors or entry/exit points. This room is potentially vulnerable to unauthorized entry from the unseen part of the premise. It is recommended to install additional security measures like motion detectors and alarms.  Install a door with a locking mechanism for access control. Consider installing a second CCTV camera at a different angle for better coverage.
107,frame_000107.jpg,There is one CCTV camera visible in the ceiling. No doors are visible in the frame. The image is taken from inside a room with off-white walls and red horizontal stripes. The room is likely a waiting area or an office. There is a purse lying on a table. This room is a potential entry point and is easily accessible. A potential vulnerability is the lack of any apparent security measures or personnel in the area.  It is recommended to install an alarm system and/or hire security personnel. It is also important to have a clear line of sight to the entryway to detect any unauthorized access.  A security camera should be installed at the entryway to capture any activity.  The lack of any exit signs could pose a safety concern in case of an emergency. It is recommended to install exit signs that are clearly visible and easily accessible to ensure safe evacuation in case of an emergency.
